"participant_id","trial_num","phase","rotation_angle","trial_type","ref_object","comp_object","object_identity","response","correct_response","correct","rt_ms","sex","gaming_hrs_week","gaming_group"
"20260403_161341",1,"main",90,"different","8cube_B_mirror","8cube_B","8cube_B_mirror","different","different",1,1213.53,"M",6,"High"
"20260403_161341",2,"main",180,"different","8cube_B_mirror","8cube_B","8cube_B_mirror","different","different",1,929.2,"M",6,"High"
"20260403_161341",3,"main",180,"different","10cube_A","10cube_A_mirror","10cube_A","different","different",1,826.15,"M",6,"High"
"20260403_161341",4,"main",270,"different","10cube_A_mirror","10cube_A","10cube_A_mirror","different","different",1,759.97,"M",6,"High"
"20260403_161341",5,"main",90,"different","10cube_A","10cube_A_mirror","10cube_A","different","different",1,1031.32,"M",6,"High"
"20260403_161341",6,"main",0,"same","10cube_A_mirror","10cube_A_mirror","10cube_A_mirror","same","same",1,930.25,"M",6,"High"
"20260403_161341",7,"main",270,"different","10cube_A","10cube_A_mirror","10cube_A","different","different",1,1474.42,"M",6,"High"
"20260403_161341",8,"main",270,"same","10cube_A","10cube_A","10cube_A","same","same",1,1710.02,"M",6,"High"
"20260403_161341",9,"main",270,"same","8cube_B","8cube_B","8cube_B","same","same",1,1150.05,"M",6,"High"
"20260403_161341",10,"main",180,"different","10cube_A_mirror","10cube_A","10cube_A_mirror","different","different",1,1232.64,"M",6,"High"
"20260403_161341",11,"main",90,"different","8cube_B","8cube_B_mirror","8cube_B","different","different",1,1233.49,"M",6,"High"
"20260403_161341",12,"main",90,"same","10cube_A","10cube_A","10cube_A","same","same",1,1557.1,"M",6,"High"
"20260403_161341",13,"main",180,"same","10cube_A_mirror","10cube_A_mirror","10cube_A_mirror","same","same",1,1448.42,"M",6,"High"
"20260403_161341",14,"main",180,"same","8cube_B","8cube_B","8cube_B","same","same",1,2398.47,"M",6,"High"
"20260403_161341",15,"main",270,"different","8cube_B_mirror","8cube_B","8cube_B_mirror","different","different",1,1268.04,"M",6,"High"
"20260403_161341",16,"main",0,"different","10cube_A","10cube_A_mirror","10cube_A","different","different",1,1623.53,"M",6,"High"
"20260403_161341",17,"main",0,"different","8cube_B","8cube_B_mirror","8cube_B","different","different",1,1408.31,"M",6,"High"
"20260403_161341",18,"main",90,"same","10cube_A_mirror","10cube_A_mirror","10cube_A_mirror","same","same",1,2052.05,"M",6,"High"
"20260403_161341",19,"main",270,"same","8cube_B_mirror","8cube_B_mirror","8cube_B_mirror","same","same",1,1668.77,"M",6,"High"
"20260403_161341",20,"main",180,"same","10cube_A","10cube_A","10cube_A","different","same",0,1608.62,"M",6,"High"
"20260403_161341",21,"main",180,"different","8cube_B","8cube_B_mirror","8cube_B","different","different",1,1455.59,"M",6,"High"
"20260403_161341",22,"main",0,"same","10cube_A","10cube_A","10cube_A","same","same",1,1755.59,"M",6,"High"
"20260403_161341",23,"main",0,"same","8cube_B_mirror","8cube_B_mirror","8cube_B_mirror","same","same",1,1656.61,"M",6,"High"
"20260403_161341",24,"main",270,"same","10cube_A_mirror","10cube_A_mirror","10cube_A_mirror","same","same",1,2195.35,"M",6,"High"
"20260403_161341",25,"main",90,"same","8cube_B","8cube_B","8cube_B","same","same",1,3158.78,"M",6,"High"
"20260403_161341",26,"main",180,"same","8cube_B_mirror","8cube_B_mirror","8cube_B_mirror","different","same",0,3449.35,"M",6,"High"
"20260403_161341",27,"main",90,"different","10cube_A_mirror","10cube_A","10cube_A_mirror","same","different",0,1981.53,"M",6,"High"
"20260403_161341",28,"main",270,"different","8cube_B","8cube_B_mirror","8cube_B","different","different",1,1233.39,"M",6,"High"
"20260403_161341",29,"main",0,"same","8cube_B","8cube_B","8cube_B","same","same",1,1405.94,"M",6,"High"
"20260403_161341",30,"main",90,"same","8cube_B_mirror","8cube_B_mirror","8cube_B_mirror","different","same",0,3349.24,"M",6,"High"
"20260403_161341",31,"main",0,"different","8cube_B_mirror","8cube_B","8cube_B_mirror","different","different",1,2541.02,"M",6,"High"
"20260403_161341",32,"main",0,"different","10cube_A_mirror","10cube_A","10cube_A_mirror","different","different",1,1349.67,"M",6,"High"
"20260403_161910",1,"main",270,"same","8cube_B","8cube_B","8cube_B","same","same",1,3558.15,"M",5,"High"
"20260403_161910",2,"main",0,"same","8cube_B","8cube_B","8cube_B","same","same",1,1842.29,"M",5,"High"
"20260403_161910",3,"main",180,"different","8cube_B_mirror","8cube_B","8cube_B_mirror","different","different",1,3282.25,"M",5,"High"
"20260403_161910",4,"main",90,"same","8cube_B_mirror","8cube_B_mirror","8cube_B_mirror","same","same",1,2627.02,"M",5,"High"
"20260403_161910",5,"main",90,"same","10cube_A_mirror","10cube_A_mirror","10cube_A_mirror","same","same",1,1693.88,"M",5,"High"
"20260403_161910",6,"main",90,"same","8cube_B","8cube_B","8cube_B","same","same",1,1497.35,"M",5,"High"
"20260403_161910",7,"main",0,"same","8cube_B_mirror","8cube_B_mirror","8cube_B_mirror","same","same",1,1957.16,"M",5,"High"
"20260403_161910",8,"main",0,"different","10cube_A","10cube_A_mirror","10cube_A","different","different",1,977.9,"M",5,"High"
"20260403_161910",9,"main",90,"different","10cube_A","10cube_A_mirror","10cube_A","different","different",1,1432.62,"M",5,"High"
"20260403_161910",10,"main",270,"same","10cube_A_mirror","10cube_A_mirror","10cube_A_mirror","same","same",1,2203.36,"M",5,"High"
"20260403_161910",11,"main",90,"different","10cube_A_mirror","10cube_A","10cube_A_mirror","different","different",1,2884.51,"M",5,"High"
"20260403_161910",12,"main",270,"different","10cube_A_mirror","10cube_A","10cube_A_mirror","different","different",1,1060.69,"M",5,"High"
"20260403_161910",13,"main",270,"different","8cube_B","8cube_B_mirror","8cube_B","different","different",1,3102.01,"M",5,"High"
"20260403_161910",14,"main",180,"same","10cube_A_mirror","10cube_A_mirror","10cube_A_mirror","same","same",1,1704.18,"M",5,"High"
"20260403_161910",15,"main",180,"same","8cube_B_mirror","8cube_B_mirror","8cube_B_mirror","same","same",1,3102.39,"M",5,"High"
"20260403_161910",16,"main",0,"same","10cube_A_mirror","10cube_A_mirror","10cube_A_mirror","same","same",1,1516.08,"M",5,"High"
"20260403_161910",17,"main",270,"different","10cube_A","10cube_A_mirror","10cube_A","different","different",1,1149.51,"M",5,"High"
"20260403_161910",18,"main",0,"same","10cube_A","10cube_A","10cube_A","same","same",1,2088.68,"M",5,"High"
"20260403_161910",19,"main",90,"same","10cube_A","10cube_A","10cube_A","same","same",1,9123.36,"M",5,"High"
"20260403_161910",20,"main",0,"different","8cube_B_mirror","8cube_B","8cube_B_mirror","different","different",1,2004.51,"M",5,"High"
"20260403_161910",21,"main",0,"different","8cube_B","8cube_B_mirror","8cube_B","different","different",1,5130.26,"M",5,"High"
"20260403_161910",22,"main",180,"different","10cube_A","10cube_A_mirror","10cube_A","different","different",1,973.91,"M",5,"High"
"20260403_161910",23,"main",270,"different","8cube_B_mirror","8cube_B","8cube_B_mirror","different","different",1,816.87,"M",5,"High"
"20260403_161910",24,"main",180,"same","8cube_B","8cube_B","8cube_B","same","same",1,1626.72,"M",5,"High"
"20260403_161910",25,"main",270,"same","10cube_A","10cube_A","10cube_A","same","same",1,1924.71,"M",5,"High"
"20260403_161910",26,"main",90,"different","8cube_B","8cube_B_mirror","8cube_B","different","different",1,1382.76,"M",5,"High"
"20260403_161910",27,"main",270,"same","8cube_B_mirror","8cube_B_mirror","8cube_B_mirror","same","same",1,1726.67,"M",5,"High"
"20260403_161910",28,"main",90,"different","8cube_B_mirror","8cube_B","8cube_B_mirror","different","different",1,2333.24,"M",5,"High"
"20260403_161910",29,"main",180,"same","10cube_A","10cube_A","10cube_A","same","same",1,2943.23,"M",5,"High"
"20260403_161910",30,"main",180,"different","10cube_A_mirror","10cube_A","10cube_A_mirror","different","different",1,1558.56,"M",5,"High"
"20260403_161910",31,"main",180,"different","8cube_B","8cube_B_mirror","8cube_B","different","different",1,1655.64,"M",5,"High"
"20260403_161910",32,"main",0,"different","10cube_A_mirror","10cube_A","10cube_A_mirror","different","different",1,3302.57,"M",5,"High"
"20260403_162438",1,"main",0,"same","8cube_B_mirror","8cube_B_mirror","8cube_B_mirror","same","same",1,2266.65,"F",5,"High"
"20260403_162438",2,"main",180,"different","8cube_B_mirror","8cube_B","8cube_B_mirror","different","different",1,9506.45,"F",5,"High"
"20260403_162438",3,"main",270,"same","10cube_A_mirror","10cube_A_mirror","10cube_A_mirror","same","same",1,2194.74,"F",5,"High"
"20260403_162438",4,"main",180,"same","8cube_B","8cube_B","8cube_B","same","same",1,2126.82,"F",5,"High"
"20260403_162438",5,"main",90,"different","8cube_B","8cube_B_mirror","8cube_B","different","different",1,826.8,"F",5,"High"
"20260403_162438",6,"main",180,"same","10cube_A","10cube_A","10cube_A","same","same",1,2295.7,"F",5,"High"
"20260403_162438",7,"main",90,"different","10cube_A","10cube_A_mirror","10cube_A","different","different",1,1217.33,"F",5,"High"
"20260403_162438",8,"main",180,"same","8cube_B_mirror","8cube_B_mirror","8cube_B_mirror","same","same",1,999.09,"F",5,"High"
"20260403_162438",9,"main",180,"different","10cube_A","10cube_A_mirror","10cube_A","different","different",1,1433.24,"F",5,"High"
"20260403_162438",10,"main",90,"same","8cube_B","8cube_B","8cube_B","same","same",1,2562.64,"F",5,"High"
"20260403_162438",11,"main",270,"same","8cube_B_mirror","8cube_B_mirror","8cube_B_mirror","same","same",1,1405.85,"F",5,"High"
"20260403_162438",12,"main",180,"different","10cube_A_mirror","10cube_A","10cube_A_mirror","different","different",1,1299.95,"F",5,"High"
"20260403_162438",13,"main",270,"different","10cube_A","10cube_A_mirror","10cube_A","different","different",1,1638.83,"F",5,"High"
"20260403_162438",14,"main",90,"same","8cube_B_mirror","8cube_B_mirror","8cube_B_mirror","same","same",1,1517.08,"F",5,"High"
"20260403_162438",15,"main",0,"different","10cube_A_mirror","10cube_A","10cube_A_mirror","different","different",1,1014.15,"F",5,"High"
"20260403_162438",16,"main",270,"different","10cube_A_mirror","10cube_A","10cube_A_mirror","different","different",1,1708.06,"F",5,"High"
"20260403_162438",17,"main",90,"same","10cube_A_mirror","10cube_A_mirror","10cube_A_mirror","same","same",1,1534.49,"F",5,"High"
"20260403_162438",18,"main",90,"same","10cube_A","10cube_A","10cube_A","different","same",0,5185.08,"F",5,"High"
"20260403_162438",19,"main",90,"different","8cube_B_mirror","8cube_B","8cube_B_mirror","different","different",1,2923.85,"F",5,"High"
"20260403_162438",20,"main",270,"different","8cube_B_mirror","8cube_B","8cube_B_mirror","different","different",1,1931.07,"F",5,"High"
"20260403_162438",21,"main",90,"different","10cube_A_mirror","10cube_A","10cube_A_mirror","different","different",1,1507.77,"F",5,"High"
"20260403_162438",22,"main",0,"different","8cube_B","8cube_B_mirror","8cube_B","different","different",1,1859.45,"F",5,"High"
"20260403_162438",23,"main",270,"different","8cube_B","8cube_B_mirror","8cube_B","different","different",1,814.6,"F",5,"High"
"20260403_162438",24,"main",270,"same","10cube_A","10cube_A","10cube_A","same","same",1,4207.71,"F",5,"High"
"20260403_162438",25,"main",0,"different","10cube_A","10cube_A_mirror","10cube_A","different","different",1,1383.42,"F",5,"High"
"20260403_162438",26,"main",0,"same","10cube_A_mirror","10cube_A_mirror","10cube_A_mirror","same","same",1,1672.58,"F",5,"High"
"20260403_162438",27,"main",180,"different","8cube_B","8cube_B_mirror","8cube_B","different","different",1,5374.72,"F",5,"High"
"20260403_162438",28,"main",180,"same","10cube_A_mirror","10cube_A_mirror","10cube_A_mirror","same","same",1,1927.44,"F",5,"High"
"20260403_162438",29,"main",0,"same","8cube_B","8cube_B","8cube_B","same","same",1,1248.94,"F",5,"High"
"20260403_162438",30,"main",0,"same","10cube_A","10cube_A","10cube_A","same","same",1,1251.13,"F",5,"High"
"20260403_162438",31,"main",270,"same","8cube_B","8cube_B","8cube_B","different","same",0,1509.83,"F",5,"High"
"20260403_162438",32,"main",0,"different","8cube_B_mirror","8cube_B","8cube_B_mirror","different","different",1,876.05,"F",5,"High"
"20260403_162851",1,"main",0,"same","8cube_B_mirror","8cube_B_mirror","8cube_B_mirror","same","same",1,1013.02,"F",3,"Low"
"20260403_162851",2,"main",180,"different","8cube_B","8cube_B_mirror","8cube_B","different","different",1,1600.97,"F",3,"Low"
"20260403_162851",3,"main",90,"same","8cube_B_mirror","8cube_B_mirror","8cube_B_mirror","same","same",1,894.48,"F",3,"Low"
"20260403_162851",4,"main",180,"same","8cube_B_mirror","8cube_B_mirror","8cube_B_mirror","same","same",1,1252.12,"F",3,"Low"
"20260403_162851",5,"main",90,"different","8cube_B_mirror","8cube_B","8cube_B_mirror","same","different",0,2097.17,"F",3,"Low"
"20260403_162851",6,"main",0,"same","8cube_B","8cube_B","8cube_B","same","same",1,1210.18,"F",3,"Low"
"20260403_162851",7,"main",270,"same","10cube_A","10cube_A","10cube_A","same","same",1,1947.21,"F",3,"Low"
"20260403_162851",8,"main",90,"same","10cube_A_mirror","10cube_A_mirror","10cube_A_mirror","same","same",1,1197.77,"F",3,"Low"
"20260403_162851",9,"main",90,"same","8cube_B","8cube_B","8cube_B","same","same",1,1486.84,"F",3,"Low"
"20260403_162851",10,"main",270,"different","10cube_A","10cube_A_mirror","10cube_A","different","different",1,1512.36,"F",3,"Low"
"20260403_162851",11,"main",90,"different","8cube_B","8cube_B_mirror","8cube_B","different","different",1,2278.56,"F",3,"Low"
"20260403_162851",12,"main",270,"different","10cube_A_mirror","10cube_A","10cube_A_mirror","different","different",1,1452.63,"F",3,"Low"
"20260403_162851",13,"main",270,"same","10cube_A_mirror","10cube_A_mirror","10cube_A_mirror","same","same",1,1175.68,"F",3,"Low"
"20260403_162851",14,"main",90,"different","10cube_A_mirror","10cube_A","10cube_A_mirror","different","different",1,1194.56,"F",3,"Low"
"20260403_162851",15,"main",270,"same","8cube_B_mirror","8cube_B_mirror","8cube_B_mirror","same","same",1,946,"F",3,"Low"
"20260403_162851",16,"main",180,"same","10cube_A_mirror","10cube_A_mirror","10cube_A_mirror","same","same",1,995.43,"F",3,"Low"
"20260403_162851",17,"main",270,"different","8cube_B_mirror","8cube_B","8cube_B_mirror","different","different",1,1617.04,"F",3,"Low"
"20260403_162851",18,"main",180,"same","10cube_A","10cube_A","10cube_A","same","same",1,1954.84,"F",3,"Low"
"20260403_162851",19,"main",90,"different","10cube_A","10cube_A_mirror","10cube_A","different","different",1,1430.84,"F",3,"Low"
"20260403_162851",20,"main",0,"different","8cube_B","8cube_B_mirror","8cube_B","different","different",1,1489.17,"F",3,"Low"
"20260403_162851",21,"main",0,"different","8cube_B_mirror","8cube_B","8cube_B_mirror","different","different",1,1056.99,"F",3,"Low"
"20260403_162851",22,"main",0,"different","10cube_A","10cube_A_mirror","10cube_A","different","different",1,1818.08,"F",3,"Low"
"20260403_162851",23,"main",180,"same","8cube_B","8cube_B","8cube_B","same","same",1,1148.35,"F",3,"Low"
"20260403_162851",24,"main",270,"different","8cube_B","8cube_B_mirror","8cube_B","different","different",1,1077.18,"F",3,"Low"
"20260403_162851",25,"main",270,"same","8cube_B","8cube_B","8cube_B","same","same",1,914.74,"F",3,"Low"
"20260403_162851",26,"main",180,"different","8cube_B_mirror","8cube_B","8cube_B_mirror","different","different",1,989.54,"F",3,"Low"
"20260403_162851",27,"main",90,"same","10cube_A","10cube_A","10cube_A","same","same",1,942.33,"F",3,"Low"
"20260403_162851",28,"main",0,"same","10cube_A","10cube_A","10cube_A","same","same",1,806.62,"F",3,"Low"
"20260403_162851",29,"main",180,"different","10cube_A_mirror","10cube_A","10cube_A_mirror","different","different",1,1421.18,"F",3,"Low"
"20260403_162851",30,"main",180,"different","10cube_A","10cube_A_mirror","10cube_A","different","different",1,1170.27,"F",3,"Low"
"20260403_162851",31,"main",0,"same","10cube_A_mirror","10cube_A_mirror","10cube_A_mirror","same","same",1,760.06,"F",3,"Low"
"20260403_162851",32,"main",0,"different","10cube_A_mirror","10cube_A","10cube_A_mirror","different","different",1,1042.58,"F",3,"Low"
"20260403_163233",1,"main",180,"different","8cube_B","8cube_B_mirror","8cube_B","different","different",1,7292.74,"F",7,"High"
"20260403_163233",2,"main",0,"different","10cube_A_mirror","10cube_A","10cube_A_mirror","different","different",1,7773.21,"F",7,"High"
"20260403_163233",3,"main",270,"same","10cube_A","10cube_A","10cube_A","same","same",1,2291.92,"F",7,"High"
"20260403_163233",4,"main",0,"same","10cube_A","10cube_A","10cube_A","same","same",1,1284.92,"F",7,"High"
"20260403_163233",5,"main",180,"different","10cube_A","10cube_A_mirror","10cube_A","different","different",1,2837.6,"F",7,"High"
"20260403_163233",6,"main",180,"same","10cube_A_mirror","10cube_A_mirror","10cube_A_mirror","same","same",1,1841.1,"F",7,"High"
"20260403_163233",7,"main",90,"different","8cube_B","8cube_B_mirror","8cube_B","different","different",1,4502.97,"F",7,"High"
"20260403_163233",8,"main",180,"different","10cube_A_mirror","10cube_A","10cube_A_mirror","different","different",1,3093.74,"F",7,"High"
"20260403_163233",9,"main",90,"same","8cube_B_mirror","8cube_B_mirror","8cube_B_mirror","same","same",1,1437.1,"F",7,"High"
"20260403_163233",10,"main",180,"different","8cube_B_mirror","8cube_B","8cube_B_mirror","same","different",0,1388.53,"F",7,"High"
"20260403_163233",11,"main",0,"same","8cube_B","8cube_B","8cube_B","same","same",1,3773.13,"F",7,"High"
"20260403_163233",12,"main",90,"same","10cube_A","10cube_A","10cube_A","same","same",1,2491.89,"F",7,"High"
"20260403_163233",13,"main",90,"different","10cube_A","10cube_A_mirror","10cube_A","different","different",1,1747.77,"F",7,"High"
"20260403_163233",14,"main",0,"same","10cube_A_mirror","10cube_A_mirror","10cube_A_mirror","same","same",1,1047.03,"F",7,"High"
"20260403_163233",15,"main",270,"same","8cube_B_mirror","8cube_B_mirror","8cube_B_mirror","same","same",1,1294.79,"F",7,"High"
"20260403_163233",16,"main",270,"same","8cube_B","8cube_B","8cube_B","same","same",1,2511.64,"F",7,"High"
"20260403_163233",17,"main",270,"different","8cube_B_mirror","8cube_B","8cube_B_mirror","different","different",1,2078.84,"F",7,"High"
"20260403_163233",18,"main",180,"same","10cube_A","10cube_A","10cube_A","same","same",1,2270.95,"F",7,"High"
"20260403_163233",19,"main",90,"different","8cube_B_mirror","8cube_B","8cube_B_mirror","different","different",1,2042.13,"F",7,"High"
"20260403_163233",20,"main",90,"same","8cube_B","8cube_B","8cube_B","same","same",1,2687.51,"F",7,"High"
"20260403_163233",21,"main",0,"different","8cube_B_mirror","8cube_B","8cube_B_mirror","different","different",1,1270.15,"F",7,"High"
"20260403_163233",22,"main",270,"same","10cube_A_mirror","10cube_A_mirror","10cube_A_mirror","same","same",1,1670.48,"F",7,"High"
"20260403_163233",23,"main",0,"different","8cube_B","8cube_B_mirror","8cube_B","different","different",1,1907.55,"F",7,"High"
"20260403_163233",24,"main",90,"different","10cube_A_mirror","10cube_A","10cube_A_mirror","different","different",1,2380.48,"F",7,"High"
"20260403_163233",25,"main",90,"same","10cube_A_mirror","10cube_A_mirror","10cube_A_mirror","same","same",1,1258.6,"F",7,"High"
"20260403_163233",26,"main",270,"different","10cube_A","10cube_A_mirror","10cube_A","different","different",1,1425.64,"F",7,"High"
"20260403_163233",27,"main",0,"different","10cube_A","10cube_A_mirror","10cube_A","different","different",1,1128.12,"F",7,"High"
"20260403_163233",28,"main",0,"same","8cube_B_mirror","8cube_B_mirror","8cube_B_mirror","same","same",1,911.48,"F",7,"High"
"20260403_163233",29,"main",270,"different","8cube_B","8cube_B_mirror","8cube_B","different","different",1,1313.99,"F",7,"High"
"20260403_163233",30,"main",270,"different","10cube_A_mirror","10cube_A","10cube_A_mirror","different","different",1,2099.03,"F",7,"High"
"20260403_163233",31,"main",180,"same","8cube_B_mirror","8cube_B_mirror","8cube_B_mirror","same","same",1,1865.29,"F",7,"High"
"20260403_163233",32,"main",180,"same","8cube_B","8cube_B","8cube_B","same","same",1,1416.63,"F",7,"High"
"20260403_174426",1,"main",180,"different","8cube_B_mirror","8cube_B","8cube_B_mirror","different","different",1,979.74,"M",7,"High"
"20260403_174426",2,"main",0,"different","10cube_A_mirror","10cube_A","10cube_A_mirror","different","different",1,2087.98,"M",7,"High"
"20260403_174426",3,"main",270,"same","8cube_B_mirror","8cube_B_mirror","8cube_B_mirror","same","same",1,779.69,"M",7,"High"
"20260403_174426",4,"main",90,"different","10cube_A","10cube_A_mirror","10cube_A","different","different",1,796.81,"M",7,"High"
"20260403_174426",5,"main",270,"different","8cube_B_mirror","8cube_B","8cube_B_mirror","different","different",1,1019.86,"M",7,"High"
"20260403_174426",6,"main",180,"same","8cube_B","8cube_B","8cube_B","same","same",1,2185.22,"M",7,"High"
"20260403_174426",7,"main",90,"same","10cube_A_mirror","10cube_A_mirror","10cube_A_mirror","same","same",1,3565.04,"M",7,"High"
"20260403_174426",8,"main",90,"different","8cube_B_mirror","8cube_B","8cube_B_mirror","different","different",1,982.3,"M",7,"High"
"20260403_174426",9,"main",90,"same","8cube_B_mirror","8cube_B_mirror","8cube_B_mirror","same","same",1,7325.13,"M",7,"High"
"20260403_174426",10,"main",0,"different","8cube_B_mirror","8cube_B","8cube_B_mirror","different","different",1,1170.29,"M",7,"High"
"20260403_174426",11,"main",90,"different","8cube_B","8cube_B_mirror","8cube_B","different","different",1,728.61,"M",7,"High"
"20260403_174426",12,"main",0,"same","10cube_A_mirror","10cube_A_mirror","10cube_A_mirror","same","same",1,1084.16,"M",7,"High"
"20260403_174426",13,"main",180,"same","10cube_A","10cube_A","10cube_A","same","same",1,4925.52,"M",7,"High"
"20260403_174426",14,"main",270,"same","10cube_A","10cube_A","10cube_A","same","same",1,6947.24,"M",7,"High"
"20260403_174426",15,"main",270,"same","10cube_A_mirror","10cube_A_mirror","10cube_A_mirror","same","same",1,2035.34,"M",7,"High"
"20260403_174426",16,"main",90,"same","10cube_A","10cube_A","10cube_A","same","same",1,7518.71,"M",7,"High"
"20260403_174426",17,"main",0,"same","10cube_A","10cube_A","10cube_A","same","same",1,1077.09,"M",7,"High"
"20260403_174426",18,"main",90,"different","10cube_A_mirror","10cube_A","10cube_A_mirror","different","different",1,1252.14,"M",7,"High"
"20260403_174426",19,"main",90,"same","8cube_B","8cube_B","8cube_B","same","same",1,4298.91,"M",7,"High"
"20260403_174426",20,"main",270,"different","10cube_A_mirror","10cube_A","10cube_A_mirror","same","different",0,2000.34,"M",7,"High"
"20260403_174426",21,"main",180,"different","8cube_B","8cube_B_mirror","8cube_B","different","different",1,777.34,"M",7,"High"
"20260403_174426",22,"main",180,"same","10cube_A_mirror","10cube_A_mirror","10cube_A_mirror","same","same",1,4569.76,"M",7,"High"
"20260403_174426",23,"main",0,"same","8cube_B_mirror","8cube_B_mirror","8cube_B_mirror","same","same",1,679.44,"M",7,"High"
"20260403_174426",24,"main",0,"same","8cube_B","8cube_B","8cube_B","same","same",1,916.21,"M",7,"High"
"20260403_174426",25,"main",180,"different","10cube_A_mirror","10cube_A","10cube_A_mirror","different","different",1,1014.77,"M",7,"High"
"20260403_174426",26,"main",0,"different","8cube_B","8cube_B_mirror","8cube_B","different","different",1,762.34,"M",7,"High"
"20260403_174426",27,"main",270,"same","8cube_B","8cube_B","8cube_B","same","same",1,1540.84,"M",7,"High"
"20260403_174426",28,"main",180,"same","8cube_B_mirror","8cube_B_mirror","8cube_B_mirror","same","same",1,10036.33,"M",7,"High"
"20260403_174426",29,"main",270,"different","8cube_B","8cube_B_mirror","8cube_B","different","different",1,832.33,"M",7,"High"
"20260403_174426",30,"main",0,"different","10cube_A","10cube_A_mirror","10cube_A","different","different",1,982.31,"M",7,"High"
"20260403_174426",31,"main",180,"different","10cube_A","10cube_A_mirror","10cube_A","different","different",1,791.71,"M",7,"High"
"20260403_174426",32,"main",270,"different","10cube_A","10cube_A_mirror","10cube_A","different","different",1,1047.96,"M",7,"High"
"20260403_182246",1,"main",90,"different","10cube_A","10cube_A_mirror","10cube_A","same","different",0,10336.52,"F",1,"Low"
"20260403_182246",2,"main",90,"different","8cube_B","8cube_B_mirror","8cube_B","same","different",0,4803.01,"F",1,"Low"
"20260403_182246",3,"main",180,"different","8cube_B","8cube_B_mirror","8cube_B","different","different",1,7529.68,"F",1,"Low"
"20260403_182246",4,"main",0,"same","8cube_B","8cube_B","8cube_B","same","same",1,2387.92,"F",1,"Low"
"20260403_182246",5,"main",270,"different","8cube_B_mirror","8cube_B","8cube_B_mirror","same","different",0,15494.27,"F",1,"Low"
"20260403_182246",6,"main",90,"different","10cube_A_mirror","10cube_A","10cube_A_mirror","different","different",1,10313.55,"F",1,"Low"
"20260403_182246",7,"main",90,"same","8cube_B_mirror","8cube_B_mirror","8cube_B_mirror","same","same",1,9456.8,"F",1,"Low"
"20260403_182246",8,"main",0,"same","10cube_A","10cube_A","10cube_A","same","same",1,3154.29,"F",1,"Low"
"20260403_182246",9,"main",180,"different","10cube_A_mirror","10cube_A","10cube_A_mirror","same","different",0,12253.9,"F",1,"Low"
"20260403_182246",10,"main",270,"same","10cube_A","10cube_A","10cube_A","same","same",1,5378.53,"F",1,"Low"
"20260403_182246",11,"main",180,"same","8cube_B","8cube_B","8cube_B","different","same",0,10045.17,"F",1,"Low"
"20260403_182246",12,"main",0,"different","10cube_A_mirror","10cube_A","10cube_A_mirror","different","different",1,6128.64,"F",1,"Low"
"20260403_182246",13,"main",180,"same","8cube_B_mirror","8cube_B_mirror","8cube_B_mirror","same","same",1,11685.3,"F",1,"Low"
"20260403_182246",14,"main",270,"same","10cube_A_mirror","10cube_A_mirror","10cube_A_mirror","same","same",1,5048.19,"F",1,"Low"
"20260403_182246",15,"main",90,"same","10cube_A_mirror","10cube_A_mirror","10cube_A_mirror","same","same",1,11398.76,"F",1,"Low"
"20260403_182246",16,"main",0,"same","10cube_A_mirror","10cube_A_mirror","10cube_A_mirror","same","same",1,3487.71,"F",1,"Low"
"20260403_182246",17,"main",90,"same","8cube_B","8cube_B","8cube_B","different","same",0,7697.02,"F",1,"Low"
"20260403_182246",18,"main",180,"same","10cube_A_mirror","10cube_A_mirror","10cube_A_mirror","same","same",1,11267.72,"F",1,"Low"
"20260403_182246",19,"main",0,"same","8cube_B_mirror","8cube_B_mirror","8cube_B_mirror","same","same",1,2142.07,"F",1,"Low"
"20260403_182246",20,"main",270,"same","8cube_B_mirror","8cube_B_mirror","8cube_B_mirror","same","same",1,10370.67,"F",1,"Low"
"20260403_182246",21,"main",180,"different","10cube_A","10cube_A_mirror","10cube_A","same","different",0,7246.62,"F",1,"Low"
"20260403_182246",22,"main",270,"different","8cube_B","8cube_B_mirror","8cube_B","different","different",1,9413.38,"F",1,"Low"
"20260403_182246",23,"main",0,"different","8cube_B_mirror","8cube_B","8cube_B_mirror","different","different",1,10074.1,"F",1,"Low"
"20260403_182246",24,"main",180,"same","10cube_A","10cube_A","10cube_A","same","same",1,6154.05,"F",1,"Low"
"20260403_182246",25,"main",90,"same","10cube_A","10cube_A","10cube_A","same","same",1,3863.41,"F",1,"Low"
"20260403_182246",26,"main",0,"different","8cube_B","8cube_B_mirror","8cube_B","different","different",1,14253.86,"F",1,"Low"
"20260403_182246",27,"main",90,"different","8cube_B_mirror","8cube_B","8cube_B_mirror","same","different",0,6497.61,"F",1,"Low"
"20260403_182246",28,"main",270,"different","10cube_A","10cube_A_mirror","10cube_A","same","different",0,12221.91,"F",1,"Low"
"20260403_182246",29,"main",180,"different","8cube_B_mirror","8cube_B","8cube_B_mirror","different","different",1,9061.28,"F",1,"Low"
"20260403_182246",30,"main",0,"different","10cube_A","10cube_A_mirror","10cube_A","same","different",0,9004.48,"F",1,"Low"
"20260403_182246",31,"main",270,"same","8cube_B","8cube_B","8cube_B","same","same",1,4893.02,"F",1,"Low"
"20260403_182246",32,"main",270,"different","10cube_A_mirror","10cube_A","10cube_A_mirror","different","different",1,7739.18,"F",1,"Low"
"20260403_183213",1,"main",90,"different","8cube_B_mirror","8cube_B","8cube_B_mirror","different","different",1,9512.94,"F",2,"Low"
"20260403_183213",2,"main",0,"different","10cube_A","10cube_A_mirror","10cube_A","same","different",0,35159.04,"F",2,"Low"
"20260403_183213",3,"main",0,"same","10cube_A_mirror","10cube_A_mirror","10cube_A_mirror","same","same",1,8566.69,"F",2,"Low"
"20260403_183213",4,"main",180,"same","10cube_A_mirror","10cube_A_mirror","10cube_A_mirror","same","same",1,19787.16,"F",2,"Low"
"20260403_183213",5,"main",180,"same","8cube_B_mirror","8cube_B_mirror","8cube_B_mirror","same","same",1,58802.31,"F",2,"Low"
"20260403_183213",6,"main",90,"same","8cube_B_mirror","8cube_B_mirror","8cube_B_mirror","same","same",1,21646.08,"F",2,"Low"
"20260403_183213",7,"main",90,"different","8cube_B","8cube_B_mirror","8cube_B","different","different",1,13121.4,"F",2,"Low"
"20260403_183213",8,"main",180,"different","8cube_B","8cube_B_mirror","8cube_B","different","different",1,18139.82,"F",2,"Low"
"20260403_183213",9,"main",180,"different","8cube_B_mirror","8cube_B","8cube_B_mirror","different","different",1,12368.59,"F",2,"Low"
"20260403_183213",10,"main",90,"same","10cube_A","10cube_A","10cube_A","same","same",1,25683.27,"F",2,"Low"
"20260403_183213",11,"main",180,"same","8cube_B","8cube_B","8cube_B","same","same",1,10560.94,"F",2,"Low"
"20260403_183213",12,"main",90,"same","10cube_A_mirror","10cube_A_mirror","10cube_A_mirror","same","same",1,8234.25,"F",2,"Low"
"20260403_183213",13,"main",270,"different","10cube_A","10cube_A_mirror","10cube_A","same","different",0,55085.74,"F",2,"Low"
"20260403_183213",14,"main",0,"different","10cube_A_mirror","10cube_A","10cube_A_mirror","same","different",0,25576.36,"F",2,"Low"
"20260403_183213",15,"main",90,"different","10cube_A_mirror","10cube_A","10cube_A_mirror","different","different",1,48938.67,"F",2,"Low"
"20260403_183213",16,"main",0,"different","8cube_B_mirror","8cube_B","8cube_B_mirror","different","different",1,26888.03,"F",2,"Low"
"20260403_183213",17,"main",180,"same","10cube_A","10cube_A","10cube_A","same","same",1,25099.74,"F",2,"Low"
"20260403_183213",18,"main",0,"same","10cube_A","10cube_A","10cube_A","same","same",1,11350.24,"F",2,"Low"
"20260403_183213",19,"main",270,"different","8cube_B_mirror","8cube_B","8cube_B_mirror","different","different",1,28482.73,"F",2,"Low"
"20260403_183213",20,"main",270,"different","8cube_B","8cube_B_mirror","8cube_B","different","different",1,8541.28,"F",2,"Low"
"20260403_183213",21,"main",270,"same","10cube_A_mirror","10cube_A_mirror","10cube_A_mirror","same","same",1,9879.37,"F",2,"Low"
"20260403_183213",22,"main",270,"different","10cube_A_mirror","10cube_A","10cube_A_mirror","same","different",0,19181.17,"F",2,"Low"
"20260403_183213",23,"main",90,"same","8cube_B","8cube_B","8cube_B","same","same",1,13373.52,"F",2,"Low"
"20260403_183213",24,"main",180,"different","10cube_A_mirror","10cube_A","10cube_A_mirror","different","different",1,21198.86,"F",2,"Low"
"20260403_183213",25,"main",0,"different","8cube_B","8cube_B_mirror","8cube_B","different","different",1,35232.81,"F",2,"Low"
"20260403_183213",26,"main",0,"same","8cube_B_mirror","8cube_B_mirror","8cube_B_mirror","same","same",1,6062.67,"F",2,"Low"
"20260403_183213",27,"main",90,"different","10cube_A","10cube_A_mirror","10cube_A","same","different",0,13631.98,"F",2,"Low"
"20260403_183213",28,"main",0,"same","8cube_B","8cube_B","8cube_B","same","same",1,5563.27,"F",2,"Low"
"20260403_183213",29,"main",270,"same","10cube_A","10cube_A","10cube_A","same","same",1,9449.81,"F",2,"Low"
"20260403_183213",30,"main",180,"different","10cube_A","10cube_A_mirror","10cube_A","same","different",0,33197.2,"F",2,"Low"
"20260403_183213",31,"main",270,"same","8cube_B_mirror","8cube_B_mirror","8cube_B_mirror","same","same",1,10092.99,"F",2,"Low"
"20260403_183213",32,"main",270,"same","8cube_B","8cube_B","8cube_B","same","same",1,7122.3,"F",2,"Low"
"20260403_184943",1,"main",270,"different","10cube_A_mirror","10cube_A","10cube_A_mirror","same","different",0,6279.49,"M",5,"High"
"20260403_184943",2,"main",90,"different","10cube_A","10cube_A_mirror","10cube_A","different","different",1,8510.5,"M",5,"High"
"20260403_184943",3,"main",180,"different","10cube_A","10cube_A_mirror","10cube_A","different","different",1,4845.58,"M",5,"High"
"20260403_184943",4,"main",270,"different","8cube_B","8cube_B_mirror","8cube_B","different","different",1,26993.95,"M",5,"High"
"20260403_184943",5,"main",180,"same","10cube_A_mirror","10cube_A_mirror","10cube_A_mirror","same","same",1,2437.71,"M",5,"High"
"20260403_184943",6,"main",180,"same","8cube_B_mirror","8cube_B_mirror","8cube_B_mirror","same","same",1,28151.73,"M",5,"High"
"20260403_184943",7,"main",180,"different","8cube_B_mirror","8cube_B","8cube_B_mirror","different","different",1,31077.95,"M",5,"High"
"20260403_184943",8,"main",0,"different","10cube_A","10cube_A_mirror","10cube_A","different","different",1,8304.09,"M",5,"High"
"20260403_184943",9,"main",270,"same","10cube_A_mirror","10cube_A_mirror","10cube_A_mirror","same","same",1,2911.72,"M",5,"High"
"20260403_184943",10,"main",90,"different","8cube_B","8cube_B_mirror","8cube_B","different","different",1,13448.31,"M",5,"High"
"20260403_184943",11,"main",180,"same","10cube_A","10cube_A","10cube_A","same","same",1,11629.18,"M",5,"High"
"20260403_184943",12,"main",90,"same","10cube_A_mirror","10cube_A_mirror","10cube_A_mirror","same","same",1,2289.67,"M",5,"High"
"20260403_184943",13,"main",180,"different","8cube_B","8cube_B_mirror","8cube_B","different","different",1,17741.48,"M",5,"High"
"20260403_184943",14,"main",180,"same","8cube_B","8cube_B","8cube_B","same","same",1,4793.87,"M",5,"High"
"20260403_184943",15,"main",0,"same","8cube_B","8cube_B","8cube_B","same","same",1,1699.71,"M",5,"High"
"20260403_184943",16,"main",90,"same","10cube_A","10cube_A","10cube_A","same","same",1,2199.77,"M",5,"High"
"20260403_184943",17,"main",0,"same","8cube_B_mirror","8cube_B_mirror","8cube_B_mirror","same","same",1,962.09,"M",5,"High"
"20260403_184943",18,"main",90,"different","8cube_B_mirror","8cube_B","8cube_B_mirror","different","different",1,3986.91,"M",5,"High"
"20260403_184943",19,"main",180,"different","10cube_A_mirror","10cube_A","10cube_A_mirror","different","different",1,6753.96,"M",5,"High"
"20260403_184943",20,"main",90,"same","8cube_B","8cube_B","8cube_B","same","same",1,3526.82,"M",5,"High"
"20260403_184943",21,"main",270,"same","10cube_A","10cube_A","10cube_A","same","same",1,3566.84,"M",5,"High"
"20260403_184943",22,"main",90,"different","10cube_A_mirror","10cube_A","10cube_A_mirror","different","different",1,3825.34,"M",5,"High"
"20260403_184943",23,"main",270,"different","10cube_A","10cube_A_mirror","10cube_A","different","different",1,2157.2,"M",5,"High"
"20260403_184943",24,"main",0,"same","10cube_A","10cube_A","10cube_A","same","same",1,849.92,"M",5,"High"
"20260403_184943",25,"main",0,"same","10cube_A_mirror","10cube_A_mirror","10cube_A_mirror","same","same",1,845.48,"M",5,"High"
"20260403_184943",26,"main",0,"different","8cube_B","8cube_B_mirror","8cube_B","different","different",1,6948.36,"M",5,"High"
"20260403_184943",27,"main",0,"different","8cube_B_mirror","8cube_B","8cube_B_mirror","different","different",1,7618.89,"M",5,"High"
"20260403_184943",28,"main",90,"same","8cube_B_mirror","8cube_B_mirror","8cube_B_mirror","same","same",1,2298.61,"M",5,"High"
"20260403_184943",29,"main",270,"different","8cube_B_mirror","8cube_B","8cube_B_mirror","different","different",1,18477.79,"M",5,"High"
"20260403_184943",30,"main",0,"different","10cube_A_mirror","10cube_A","10cube_A_mirror","different","different",1,2706,"M",5,"High"
"20260403_184943",31,"main",270,"same","8cube_B_mirror","8cube_B_mirror","8cube_B_mirror","same","same",1,4269.16,"M",5,"High"
"20260403_184943",32,"main",270,"same","8cube_B","8cube_B","8cube_B","same","same",1,3016.64,"M",5,"High"
"20260403_185512",1,"main",90,"different","8cube_B_mirror","8cube_B","8cube_B_mirror","different","different",1,1732.46,"M",2,"Low"
"20260403_185512",2,"main",180,"different","8cube_B_mirror","8cube_B","8cube_B_mirror","different","different",1,1910.48,"M",2,"Low"
"20260403_185512",3,"main",180,"different","10cube_A","10cube_A_mirror","10cube_A","same","different",0,2319.73,"M",2,"Low"
"20260403_185512",4,"main",270,"different","10cube_A_mirror","10cube_A","10cube_A_mirror","different","different",1,2418.72,"M",2,"Low"
"20260403_185512",5,"main",90,"different","10cube_A","10cube_A_mirror","10cube_A","different","different",1,1552.2,"M",2,"Low"
"20260403_185512",6,"main",0,"same","10cube_A_mirror","10cube_A_mirror","10cube_A_mirror","same","same",1,1376.8,"M",2,"Low"
"20260403_185512",7,"main",270,"different","10cube_A","10cube_A_mirror","10cube_A","different","different",1,3280.17,"M",2,"Low"
"20260403_185512",8,"main",270,"same","10cube_A","10cube_A","10cube_A","same","same",1,2232.69,"M",2,"Low"
"20260403_185512",9,"main",270,"same","8cube_B","8cube_B","8cube_B","different","same",0,2052.49,"M",2,"Low"
"20260403_185512",10,"main",180,"different","10cube_A_mirror","10cube_A","10cube_A_mirror","different","different",1,2043.54,"M",2,"Low"
"20260403_185512",11,"main",90,"different","8cube_B","8cube_B_mirror","8cube_B","different","different",1,1388.12,"M",2,"Low"
"20260403_185512",12,"main",90,"same","10cube_A","10cube_A","10cube_A","same","same",1,1081.32,"M",2,"Low"
"20260403_185512",13,"main",180,"same","10cube_A_mirror","10cube_A_mirror","10cube_A_mirror","same","same",1,1107.48,"M",2,"Low"
"20260403_185512",14,"main",180,"same","8cube_B","8cube_B","8cube_B","different","same",0,1212.31,"M",2,"Low"
"20260403_185512",15,"main",270,"different","8cube_B_mirror","8cube_B","8cube_B_mirror","different","different",1,2159.52,"M",2,"Low"
"20260403_185512",16,"main",0,"different","10cube_A","10cube_A_mirror","10cube_A","different","different",1,1171.83,"M",2,"Low"
"20260403_185512",17,"main",0,"different","8cube_B","8cube_B_mirror","8cube_B","different","different",1,928.58,"M",2,"Low"
"20260403_185512",18,"main",90,"same","10cube_A_mirror","10cube_A_mirror","10cube_A_mirror","same","same",1,1648.95,"M",2,"Low"
"20260403_185512",19,"main",270,"same","8cube_B_mirror","8cube_B_mirror","8cube_B_mirror","same","same",1,1942.09,"M",2,"Low"
"20260403_185512",20,"main",180,"same","10cube_A","10cube_A","10cube_A","same","same",1,1724.75,"M",2,"Low"
"20260403_185512",21,"main",180,"different","8cube_B","8cube_B_mirror","8cube_B","different","different",1,1400.96,"M",2,"Low"
"20260403_185512",22,"main",0,"same","10cube_A","10cube_A","10cube_A","same","same",1,801.05,"M",2,"Low"
"20260403_185512",23,"main",0,"same","8cube_B_mirror","8cube_B_mirror","8cube_B_mirror","same","same",1,1272.98,"M",2,"Low"
"20260403_185512",24,"main",270,"same","10cube_A_mirror","10cube_A_mirror","10cube_A_mirror","same","same",1,2269.7,"M",2,"Low"
"20260403_185512",25,"main",90,"same","8cube_B","8cube_B","8cube_B","same","same",1,1214.51,"M",2,"Low"
"20260403_185512",26,"main",180,"same","8cube_B_mirror","8cube_B_mirror","8cube_B_mirror","same","same",1,2562.4,"M",2,"Low"
"20260403_185512",27,"main",90,"different","10cube_A_mirror","10cube_A","10cube_A_mirror","different","different",1,1457.48,"M",2,"Low"
"20260403_185512",28,"main",270,"different","8cube_B","8cube_B_mirror","8cube_B","different","different",1,2871.18,"M",2,"Low"
"20260403_185512",29,"main",0,"same","8cube_B","8cube_B","8cube_B","same","same",1,1253.32,"M",2,"Low"
"20260403_185512",30,"main",90,"same","8cube_B_mirror","8cube_B_mirror","8cube_B_mirror","same","same",1,2257.16,"M",2,"Low"
"20260403_185512",31,"main",0,"different","8cube_B_mirror","8cube_B","8cube_B_mirror","different","different",1,874.1,"M",2,"Low"
"20260403_185512",32,"main",0,"different","10cube_A_mirror","10cube_A","10cube_A_mirror","different","different",1,876.73,"M",2,"Low"
"20260403_190134",1,"main",90,"different","8cube_B_mirror","8cube_B","8cube_B_mirror","different","different",1,454.11,"F",6,"High"
"20260403_190134",2,"main",180,"different","8cube_B_mirror","8cube_B","8cube_B_mirror","different","different",1,2501.63,"F",6,"High"
"20260403_190134",3,"main",180,"different","10cube_A","10cube_A_mirror","10cube_A","different","different",1,2177.8,"F",6,"High"
"20260403_190134",4,"main",270,"different","10cube_A_mirror","10cube_A","10cube_A_mirror","different","different",1,3006.25,"F",6,"High"
"20260403_190134",5,"main",90,"different","10cube_A","10cube_A_mirror","10cube_A","different","different",1,2996.29,"F",6,"High"
"20260403_190134",6,"main",0,"same","10cube_A_mirror","10cube_A_mirror","10cube_A_mirror","same","same",1,1389.51,"F",6,"High"
"20260403_190134",7,"main",270,"different","10cube_A","10cube_A_mirror","10cube_A","different","different",1,3614.38,"F",6,"High"
"20260403_190134",8,"main",270,"same","10cube_A","10cube_A","10cube_A","different","same",0,2642.2,"F",6,"High"
"20260403_190134",9,"main",270,"same","8cube_B","8cube_B","8cube_B","same","same",1,1720.08,"F",6,"High"
"20260403_190134",10,"main",180,"different","10cube_A_mirror","10cube_A","10cube_A_mirror","different","different",1,2527.65,"F",6,"High"
"20260403_190134",11,"main",90,"different","8cube_B","8cube_B_mirror","8cube_B","different","different",1,2695.26,"F",6,"High"
"20260403_190134",12,"main",90,"same","10cube_A","10cube_A","10cube_A","different","same",0,1735.45,"F",6,"High"
"20260403_190134",13,"main",180,"same","10cube_A_mirror","10cube_A_mirror","10cube_A_mirror","same","same",1,3004.16,"F",6,"High"
"20260403_190134",14,"main",180,"same","8cube_B","8cube_B","8cube_B","same","same",1,2640.04,"F",6,"High"
"20260403_190134",15,"main",270,"different","8cube_B_mirror","8cube_B","8cube_B_mirror","different","different",1,3745.2,"F",6,"High"
"20260403_190134",16,"main",0,"different","10cube_A","10cube_A_mirror","10cube_A","different","different",1,1848.96,"F",6,"High"
"20260403_190134",17,"main",0,"different","8cube_B","8cube_B_mirror","8cube_B","different","different",1,1701.09,"F",6,"High"
"20260403_190134",18,"main",90,"same","10cube_A_mirror","10cube_A_mirror","10cube_A_mirror","same","same",1,2557.55,"F",6,"High"
"20260403_190134",19,"main",270,"same","8cube_B_mirror","8cube_B_mirror","8cube_B_mirror","same","same",1,2513.87,"F",6,"High"
"20260403_190134",20,"main",180,"same","10cube_A","10cube_A","10cube_A","same","same",1,2305.85,"F",6,"High"
"20260403_190134",21,"main",180,"different","8cube_B","8cube_B_mirror","8cube_B","different","different",1,2366.88,"F",6,"High"
"20260403_190134",22,"main",0,"same","10cube_A","10cube_A","10cube_A","same","same",1,1502.07,"F",6,"High"
"20260403_190134",23,"main",0,"same","8cube_B_mirror","8cube_B_mirror","8cube_B_mirror","same","same",1,2084.28,"F",6,"High"
"20260403_190134",24,"main",270,"same","10cube_A_mirror","10cube_A_mirror","10cube_A_mirror","same","same",1,2461.27,"F",6,"High"
"20260403_190134",25,"main",90,"same","8cube_B","8cube_B","8cube_B","same","same",1,2703.52,"F",6,"High"
"20260403_190134",26,"main",180,"same","8cube_B_mirror","8cube_B_mirror","8cube_B_mirror","same","same",1,3731.82,"F",6,"High"
"20260403_190134",27,"main",90,"different","10cube_A_mirror","10cube_A","10cube_A_mirror","different","different",1,2194.03,"F",6,"High"
"20260403_190134",28,"main",270,"different","8cube_B","8cube_B_mirror","8cube_B","different","different",1,3378.21,"F",6,"High"
"20260403_190134",29,"main",0,"same","8cube_B","8cube_B","8cube_B","same","same",1,1046.62,"F",6,"High"
"20260403_190134",30,"main",90,"same","8cube_B_mirror","8cube_B_mirror","8cube_B_mirror","same","same",1,972.45,"F",6,"High"
"20260403_190134",31,"main",0,"different","8cube_B_mirror","8cube_B","8cube_B_mirror","different","different",1,1602.45,"F",6,"High"
"20260403_190134",32,"main",0,"different","10cube_A_mirror","10cube_A","10cube_A_mirror","different","different",1,1821.66,"F",6,"High"
"20260403_191027",1,"main",90,"different","8cube_B_mirror","8cube_B","8cube_B_mirror","different","different",1,3303.24,"M",4,"Low"
"20260403_191027",2,"main",180,"different","8cube_B_mirror","8cube_B","8cube_B_mirror","same","different",0,3003.31,"M",4,"Low"
"20260403_191027",3,"main",180,"different","10cube_A","10cube_A_mirror","10cube_A","different","different",1,4782.97,"M",4,"Low"
"20260403_191027",4,"main",270,"different","10cube_A_mirror","10cube_A","10cube_A_mirror","different","different",1,1455.83,"M",4,"Low"
"20260403_191027",5,"main",90,"different","10cube_A","10cube_A_mirror","10cube_A","different","different",1,2942.66,"M",4,"Low"
"20260403_191027",6,"main",0,"same","10cube_A_mirror","10cube_A_mirror","10cube_A_mirror","same","same",1,2648.84,"M",4,"Low"
"20260403_191027",7,"main",270,"different","10cube_A","10cube_A_mirror","10cube_A","different","different",1,4073.24,"M",4,"Low"
"20260403_191027",8,"main",270,"same","10cube_A","10cube_A","10cube_A","same","same",1,2667.2,"M",4,"Low"
"20260403_191027",9,"main",270,"same","8cube_B","8cube_B","8cube_B","same","same",1,3795.91,"M",4,"Low"
"20260403_191027",10,"main",180,"different","10cube_A_mirror","10cube_A","10cube_A_mirror","different","different",1,2829.13,"M",4,"Low"
"20260403_191027",11,"main",90,"different","8cube_B","8cube_B_mirror","8cube_B","different","different",1,2797.17,"M",4,"Low"
"20260403_191027",12,"main",90,"same","10cube_A","10cube_A","10cube_A","same","same",1,2583.44,"M",4,"Low"
"20260403_191027",13,"main",180,"same","10cube_A_mirror","10cube_A_mirror","10cube_A_mirror","same","same",1,3633.94,"M",4,"Low"
"20260403_191027",14,"main",180,"same","8cube_B","8cube_B","8cube_B","same","same",1,3318.9,"M",4,"Low"
"20260403_191027",15,"main",270,"different","8cube_B_mirror","8cube_B","8cube_B_mirror","different","different",1,5008.14,"M",4,"Low"
"20260403_191027",16,"main",0,"different","10cube_A","10cube_A_mirror","10cube_A","different","different",1,2956.69,"M",4,"Low"
"20260403_191027",17,"main",0,"different","8cube_B","8cube_B_mirror","8cube_B","different","different",1,1707.25,"M",4,"Low"
"20260403_191027",18,"main",90,"same","10cube_A_mirror","10cube_A_mirror","10cube_A_mirror","same","same",1,2491.25,"M",4,"Low"
"20260403_191027",19,"main",270,"same","8cube_B_mirror","8cube_B_mirror","8cube_B_mirror","same","same",1,3042.17,"M",4,"Low"
"20260403_191027",20,"main",180,"same","10cube_A","10cube_A","10cube_A","same","same",1,4010.12,"M",4,"Low"
"20260403_191027",21,"main",180,"different","8cube_B","8cube_B_mirror","8cube_B","different","different",1,1499.18,"M",4,"Low"
"20260403_191027",22,"main",0,"same","10cube_A","10cube_A","10cube_A","same","same",1,2530.18,"M",4,"Low"
"20260403_191027",23,"main",0,"same","8cube_B_mirror","8cube_B_mirror","8cube_B_mirror","same","same",1,2986.62,"M",4,"Low"
"20260403_191027",24,"main",270,"same","10cube_A_mirror","10cube_A_mirror","10cube_A_mirror","same","same",1,3227.11,"M",4,"Low"
"20260403_191027",25,"main",90,"same","8cube_B","8cube_B","8cube_B","same","same",1,2495.14,"M",4,"Low"
"20260403_191027",26,"main",180,"same","8cube_B_mirror","8cube_B_mirror","8cube_B_mirror","different","same",0,2288.86,"M",4,"Low"
"20260403_191027",27,"main",90,"different","10cube_A_mirror","10cube_A","10cube_A_mirror","different","different",1,2456.16,"M",4,"Low"
"20260403_191027",28,"main",270,"different","8cube_B","8cube_B_mirror","8cube_B","same","different",0,4832.46,"M",4,"Low"
"20260403_191027",29,"main",0,"same","8cube_B","8cube_B","8cube_B","same","same",1,1924.83,"M",4,"Low"
"20260403_191027",30,"main",90,"same","8cube_B_mirror","8cube_B_mirror","8cube_B_mirror","same","same",1,2611.19,"M",4,"Low"
"20260403_191027",31,"main",0,"different","8cube_B_mirror","8cube_B","8cube_B_mirror","different","different",1,2145.2,"M",4,"Low"
"20260403_191027",32,"main",0,"different","10cube_A_mirror","10cube_A","10cube_A_mirror","different","different",1,2902.74,"M",4,"Low"
"20260403_191845",1,"main",90,"different","8cube_B_mirror","8cube_B","8cube_B_mirror","different","different",1,1296.1,"M",9,"High"
"20260403_191845",2,"main",180,"different","8cube_B_mirror","8cube_B","8cube_B_mirror","different","different",1,1734.69,"M",9,"High"
"20260403_191845",3,"main",180,"different","10cube_A","10cube_A_mirror","10cube_A","same","different",0,1255.42,"M",9,"High"
"20260403_191845",4,"main",270,"different","10cube_A_mirror","10cube_A","10cube_A_mirror","different","different",1,1938.56,"M",9,"High"
"20260403_191845",5,"main",90,"different","10cube_A","10cube_A_mirror","10cube_A","different","different",1,624.4,"M",9,"High"
"20260403_191845",6,"main",0,"same","10cube_A_mirror","10cube_A_mirror","10cube_A_mirror","same","same",1,862.31,"M",9,"High"
"20260403_191845",7,"main",270,"different","10cube_A","10cube_A_mirror","10cube_A","different","different",1,2627.71,"M",9,"High"
"20260403_191845",8,"main",270,"same","10cube_A","10cube_A","10cube_A","different","same",0,1432.53,"M",9,"High"
"20260403_191845",9,"main",270,"same","8cube_B","8cube_B","8cube_B","same","same",1,2584.05,"M",9,"High"
"20260403_191845",10,"main",180,"different","10cube_A_mirror","10cube_A","10cube_A_mirror","different","different",1,2075.69,"M",9,"High"
"20260403_191845",11,"main",90,"different","8cube_B","8cube_B_mirror","8cube_B","different","different",1,1707.23,"M",9,"High"
"20260403_191845",12,"main",90,"same","10cube_A","10cube_A","10cube_A","same","same",1,998.87,"M",9,"High"
"20260403_191845",13,"main",180,"same","10cube_A_mirror","10cube_A_mirror","10cube_A_mirror","same","same",1,1680.2,"M",9,"High"
"20260403_191845",14,"main",180,"same","8cube_B","8cube_B","8cube_B","same","same",1,1288.5,"M",9,"High"
"20260403_191845",15,"main",270,"different","8cube_B_mirror","8cube_B","8cube_B_mirror","same","different",0,1946.73,"M",9,"High"
"20260403_191845",16,"main",0,"different","10cube_A","10cube_A_mirror","10cube_A","different","different",1,1416.84,"M",9,"High"
"20260403_191845",17,"main",0,"different","8cube_B","8cube_B_mirror","8cube_B","different","different",1,1028.6,"M",9,"High"
"20260403_191845",18,"main",90,"same","10cube_A_mirror","10cube_A_mirror","10cube_A_mirror","same","same",1,944.71,"M",9,"High"
"20260403_191845",19,"main",270,"same","8cube_B_mirror","8cube_B_mirror","8cube_B_mirror","same","same",1,2148.22,"M",9,"High"
"20260403_191845",20,"main",180,"same","10cube_A","10cube_A","10cube_A","same","same",1,2119.16,"M",9,"High"
"20260403_191845",21,"main",180,"different","8cube_B","8cube_B_mirror","8cube_B","different","different",1,747.05,"M",9,"High"
"20260403_191845",22,"main",0,"same","10cube_A","10cube_A","10cube_A","same","same",1,1409.04,"M",9,"High"
"20260403_191845",23,"main",0,"same","8cube_B_mirror","8cube_B_mirror","8cube_B_mirror","same","same",1,1262.25,"M",9,"High"
"20260403_191845",24,"main",270,"same","10cube_A_mirror","10cube_A_mirror","10cube_A_mirror","same","same",1,2837.02,"M",9,"High"
"20260403_191845",25,"main",90,"same","8cube_B","8cube_B","8cube_B","same","same",1,1120.76,"M",9,"High"
"20260403_191845",26,"main",180,"same","8cube_B_mirror","8cube_B_mirror","8cube_B_mirror","same","same",1,2144.15,"M",9,"High"
"20260403_191845",27,"main",90,"different","10cube_A_mirror","10cube_A","10cube_A_mirror","different","different",1,1296.35,"M",9,"High"
"20260403_191845",28,"main",270,"different","8cube_B","8cube_B_mirror","8cube_B","different","different",1,2023.39,"M",9,"High"
"20260403_191845",29,"main",0,"same","8cube_B","8cube_B","8cube_B","same","same",1,837,"M",9,"High"
"20260403_191845",30,"main",90,"same","8cube_B_mirror","8cube_B_mirror","8cube_B_mirror","same","same",1,1028.75,"M",9,"High"
"20260403_191845",31,"main",0,"different","8cube_B_mirror","8cube_B","8cube_B_mirror","different","different",1,1122.51,"M",9,"High"
"20260403_191845",32,"main",0,"different","10cube_A_mirror","10cube_A","10cube_A_mirror","different","different",1,707.08,"M",9,"High"
"20260403_192603",1,"main",90,"different","8cube_B_mirror","8cube_B","8cube_B_mirror","different","different",1,1695.65,"F",3,"Low"
"20260403_192603",2,"main",180,"different","8cube_B_mirror","8cube_B","8cube_B_mirror","different","different",1,2635.05,"F",3,"Low"
"20260403_192603",3,"main",180,"different","10cube_A","10cube_A_mirror","10cube_A","different","different",1,1884.5,"F",3,"Low"
"20260403_192603",4,"main",270,"different","10cube_A_mirror","10cube_A","10cube_A_mirror","different","different",1,2472.44,"F",3,"Low"
"20260403_192603",5,"main",90,"different","10cube_A","10cube_A_mirror","10cube_A","different","different",1,1270.31,"F",3,"Low"
"20260403_192603",6,"main",0,"same","10cube_A_mirror","10cube_A_mirror","10cube_A_mirror","same","same",1,1144.86,"F",3,"Low"
"20260403_192603",7,"main",270,"different","10cube_A","10cube_A_mirror","10cube_A","same","different",0,3565.31,"F",3,"Low"
"20260403_192603",8,"main",270,"same","10cube_A","10cube_A","10cube_A","same","same",1,2244.24,"F",3,"Low"
"20260403_192603",9,"main",270,"same","8cube_B","8cube_B","8cube_B","same","same",1,2076.9,"F",3,"Low"
"20260403_192603",10,"main",180,"different","10cube_A_mirror","10cube_A","10cube_A_mirror","different","different",1,3216.95,"F",3,"Low"
"20260403_192603",11,"main",90,"different","8cube_B","8cube_B_mirror","8cube_B","different","different",1,1983.13,"F",3,"Low"
"20260403_192603",12,"main",90,"same","10cube_A","10cube_A","10cube_A","same","same",1,1805.63,"F",3,"Low"
"20260403_192603",13,"main",180,"same","10cube_A_mirror","10cube_A_mirror","10cube_A_mirror","same","same",1,2079.99,"F",3,"Low"
"20260403_192603",14,"main",180,"same","8cube_B","8cube_B","8cube_B","same","same",1,2053.2,"F",3,"Low"
"20260403_192603",15,"main",270,"different","8cube_B_mirror","8cube_B","8cube_B_mirror","different","different",1,3817.67,"F",3,"Low"
"20260403_192603",16,"main",0,"different","10cube_A","10cube_A_mirror","10cube_A","different","different",1,1363.01,"F",3,"Low"
"20260403_192603",17,"main",0,"different","8cube_B","8cube_B_mirror","8cube_B","different","different",1,1627.69,"F",3,"Low"
"20260403_192603",18,"main",90,"same","10cube_A_mirror","10cube_A_mirror","10cube_A_mirror","same","same",1,1646.59,"F",3,"Low"
"20260403_192603",19,"main",270,"same","8cube_B_mirror","8cube_B_mirror","8cube_B_mirror","same","same",1,2977.93,"F",3,"Low"
"20260403_192603",20,"main",180,"same","10cube_A","10cube_A","10cube_A","same","same",1,1525.34,"F",3,"Low"
"20260403_192603",21,"main",180,"different","8cube_B","8cube_B_mirror","8cube_B","different","different",1,1509.72,"F",3,"Low"
"20260403_192603",22,"main",0,"same","10cube_A","10cube_A","10cube_A","same","same",1,965.83,"F",3,"Low"
"20260403_192603",23,"main",0,"same","8cube_B_mirror","8cube_B_mirror","8cube_B_mirror","same","same",1,1332.63,"F",3,"Low"
"20260403_192603",24,"main",270,"same","10cube_A_mirror","10cube_A_mirror","10cube_A_mirror","same","same",1,2127.3,"F",3,"Low"
"20260403_192603",25,"main",90,"same","8cube_B","8cube_B","8cube_B","same","same",1,1105.06,"F",3,"Low"
"20260403_192603",26,"main",180,"same","8cube_B_mirror","8cube_B_mirror","8cube_B_mirror","same","same",1,2230.36,"F",3,"Low"
"20260403_192603",27,"main",90,"different","10cube_A_mirror","10cube_A","10cube_A_mirror","different","different",1,1573.52,"F",3,"Low"
"20260403_192603",28,"main",270,"different","8cube_B","8cube_B_mirror","8cube_B","different","different",1,3262.9,"F",3,"Low"
"20260403_192603",29,"main",0,"same","8cube_B","8cube_B","8cube_B","same","same",1,1675.2,"F",3,"Low"
"20260403_192603",30,"main",90,"same","8cube_B_mirror","8cube_B_mirror","8cube_B_mirror","same","same",1,1899.34,"F",3,"Low"
"20260403_192603",31,"main",0,"different","8cube_B_mirror","8cube_B","8cube_B_mirror","different","different",1,1664.84,"F",3,"Low"
"20260403_192603",32,"main",0,"different","10cube_A_mirror","10cube_A","10cube_A_mirror","different","different",1,1069.65,"F",3,"Low"
"20260403_193318",1,"main",90,"different","8cube_B_mirror","8cube_B","8cube_B_mirror","different","different",1,3816.52,"M",9,"High"
"20260403_193318",2,"main",180,"different","8cube_B_mirror","8cube_B","8cube_B_mirror","different","different",1,3836.43,"M",9,"High"
"20260403_193318",3,"main",180,"different","10cube_A","10cube_A_mirror","10cube_A","different","different",1,3784.13,"M",9,"High"
"20260403_193318",4,"main",270,"different","10cube_A_mirror","10cube_A","10cube_A_mirror","same","different",0,3464.58,"M",9,"High"
"20260403_193318",5,"main",90,"different","10cube_A","10cube_A_mirror","10cube_A","different","different",1,3813.5,"M",9,"High"
"20260403_193318",6,"main",0,"same","10cube_A_mirror","10cube_A_mirror","10cube_A_mirror","same","same",1,2586.45,"M",9,"High"
"20260403_193318",7,"main",270,"different","10cube_A","10cube_A_mirror","10cube_A","same","different",0,5461.03,"M",9,"High"
"20260403_193318",8,"main",270,"same","10cube_A","10cube_A","10cube_A","same","same",1,5443.63,"M",9,"High"
"20260403_193318",9,"main",270,"same","8cube_B","8cube_B","8cube_B","same","same",1,4266.35,"M",9,"High"
"20260403_193318",10,"main",180,"different","10cube_A_mirror","10cube_A","10cube_A_mirror","different","different",1,3547.36,"M",9,"High"
"20260403_193318",11,"main",90,"different","8cube_B","8cube_B_mirror","8cube_B","different","different",1,2742.98,"M",9,"High"
"20260403_193318",12,"main",90,"same","10cube_A","10cube_A","10cube_A","same","same",1,4460.61,"M",9,"High"
"20260403_193318",13,"main",180,"same","10cube_A_mirror","10cube_A_mirror","10cube_A_mirror","same","same",1,3922.94,"M",9,"High"
"20260403_193318",14,"main",180,"same","8cube_B","8cube_B","8cube_B","same","same",1,3911.02,"M",9,"High"
"20260403_193318",15,"main",270,"different","8cube_B_mirror","8cube_B","8cube_B_mirror","different","different",1,4815.46,"M",9,"High"
"20260403_193318",16,"main",0,"different","10cube_A","10cube_A_mirror","10cube_A","different","different",1,1458.47,"M",9,"High"
"20260403_193318",17,"main",0,"different","8cube_B","8cube_B_mirror","8cube_B","different","different",1,2614.42,"M",9,"High"
"20260403_193318",18,"main",90,"same","10cube_A_mirror","10cube_A_mirror","10cube_A_mirror","same","same",1,3518.89,"M",9,"High"
"20260403_193318",19,"main",270,"same","8cube_B_mirror","8cube_B_mirror","8cube_B_mirror","same","same",1,4573.68,"M",9,"High"
"20260403_193318",20,"main",180,"same","10cube_A","10cube_A","10cube_A","different","same",0,3199.55,"M",9,"High"
"20260403_193318",21,"main",180,"different","8cube_B","8cube_B_mirror","8cube_B","same","different",0,4283.89,"M",9,"High"
"20260403_193318",22,"main",0,"same","10cube_A","10cube_A","10cube_A","same","same",1,2448.26,"M",9,"High"
"20260403_193318",23,"main",0,"same","8cube_B_mirror","8cube_B_mirror","8cube_B_mirror","same","same",1,1573.27,"M",9,"High"
"20260403_193318",24,"main",270,"same","10cube_A_mirror","10cube_A_mirror","10cube_A_mirror","same","same",1,5593.33,"M",9,"High"
"20260403_193318",25,"main",90,"same","8cube_B","8cube_B","8cube_B","same","same",1,3345.12,"M",9,"High"
"20260403_193318",26,"main",180,"same","8cube_B_mirror","8cube_B_mirror","8cube_B_mirror","same","same",1,2567.06,"M",9,"High"
"20260403_193318",27,"main",90,"different","10cube_A_mirror","10cube_A","10cube_A_mirror","different","different",1,2681.02,"M",9,"High"
"20260403_193318",28,"main",270,"different","8cube_B","8cube_B_mirror","8cube_B","different","different",1,5380.74,"M",9,"High"
"20260403_193318",29,"main",0,"same","8cube_B","8cube_B","8cube_B","same","same",1,2643.8,"M",9,"High"
"20260403_193318",30,"main",90,"same","8cube_B_mirror","8cube_B_mirror","8cube_B_mirror","same","same",1,2866.84,"M",9,"High"
"20260403_193318",31,"main",0,"different","8cube_B_mirror","8cube_B","8cube_B_mirror","different","different",1,1542.77,"M",9,"High"
"20260403_193318",32,"main",0,"different","10cube_A_mirror","10cube_A","10cube_A_mirror","different","different",1,2805.57,"M",9,"High"
